ticketer,encoded_0,encoded_1,encoded_2,encoded_3,encoded_4,encoded_5,encoded_6,encoded_7
A,8.620905876159668,14.153705596923828,-16.108095169067383,-25.138566970825195,18.236948013305664,21.206424713134766,-7.052496433258057,-2.4755094051361084
AAPL,0.09630981087684631,-0.09323205798864365,0.16312290728092194,-0.03725481778383255,0.3453267216682434,0.008149996399879456,-1.349003791809082,-0.5708194971084595
ABBV,6.29359245300293,-3.247105598449707,-15.03099250793457,-7.419925689697266,-1.9733936786651611,12.594449996948242,18.939443588256836,1.6878201961517334
ABNB,5.837026596069336,-3.1009178161621094,-16.63099479675293,-10.438397407531738,-0.8223171830177307,12.065398216247559,18.389698028564453,-1.092893362045288
ABT,4.133140563964844,-4.330995559692383,-17.098386764526367,-9.9203519821167,-2.54138445854187,12.526639938354492,18.295074462890625,-3.3784122467041016
ACGL,0.7417774200439453,-8.465868949890137,-17.724470138549805,-6.411628246307373,3.2826647758483887,7.646640777587891,14.233707427978516,11.159669876098633
ACN,7.516489028930664,-2.3932976722717285,-16.864709854125977,-6.030665874481201,0.07931584119796753,12.605947494506836,18.926841735839844,2.866297483444214
ADBE,3.124966621398926,-5.089175224304199,-19.023576736450195,-9.67846393585205,0.9601911902427673,10.239653587341309,16.970300674438477,-5.816898345947266
ADI,6.5479512214660645,-3.8560538291931152,-16.738727569580078,-7.970735549926758,-0.7481222748756409,12.35587215423584,19.13711929321289,0.5357882976531982
ADM,7.695530414581299,-3.925650119781494,-19.431344985961914,-6.875236511230469,0.3681880831718445,12.219979286193848,21.247909545898438,4.658551216125488
ADP,5.73075008392334,-4.474939823150635,-18.410755157470703,-8.644230842590332,-0.4962971806526184,12.356539726257324,19.57585906982422,-1.0807347297668457
ADSK,3.651048183441162,-1.320763349533081,-8.267557144165039,-6.198630332946777,-4.870860576629639,9.947529792785645,13.140533447265625,-3.950031042098999
AEE,5.704900741577148,-4.049475193023682,-17.797285079956055,-7.367980480194092,-0.35452800989151,12.942434310913086,17.954885482788086,-2.2942957878112793
AEP,6.767078399658203,-3.6264214515686035,-19.293121337890625,-7.309001922607422,-0.41323500871658325,13.960725784301758,21.573957443237305,6.14078950881958
AES,6.493693828582764,-1.0597410202026367,-17.18075180053711,-4.337178707122803,0.11885613203048706,14.572397232055664,17.03652000427246,0.7825357913970947
AFL,6.091784477233887,-1.632582187652588,-18.97545051574707,-5.279562950134277,1.080322027206421,15.537590026855469,16.71784782409668,-0.7945852279663086
AIG,6.272366046905518,-0.560974657535553,-10.465747833251953,-2.5244102478027344,-1.061081886291504,10.153563499450684,14.857871055603027,2.023653984069824
AIZ,3.524433135986328,-6.221665859222412,-19.449872970581055,-9.488141059875488,-0.04886132478713989,12.548898696899414,17.686901092529297,-4.468682765960693
AJG,-1.0266389846801758,-9.355058670043945,-13.5616455078125,-12.541659355163574,-3.296544313430786,9.826119422912598,14.200862884521484,-6.344207286834717
AKAM,5.538020610809326,-4.98122501373291,-18.59571075439453,-10.272612571716309,-0.7514296174049377,15.292501449584961,18.641815185546875,0.051242128014564514
ALB,4.957996368408203,-3.974398136138916,-17.572111129760742,-9.556719779968262,-0.1744113564491272,11.190690994262695,17.675819396972656,-3.770772695541382
ALGN,8.82225227355957,-3.454578399658203,-19.473560333251953,-6.419437408447266,1.6075568199157715,11.97978401184082,19.5345458984375,6.365908145904541
ALL,3.1172127723693848,-1.821669340133667,-5.302269458770752,-4.720281600952148,-7.550605773925781,10.310714721679688,13.371973037719727,1.1977589130401611
ALLE,4.921604156494141,-5.7888078689575195,-13.885309219360352,-3.8541836738586426,-3.511108875274658,11.81220531463623,20.13912010192871,10.744579315185547
AMAT,4.264477729797363,-6.345702171325684,-20.68501091003418,-10.579988479614258,-0.8717182278633118,15.009651184082031,19.554351806640625,-1.5042502880096436
AMCR,6.442838668823242,-4.858218193054199,-20.001996994018555,-6.357638359069824,1.2172651290893555,13.853681564331055,20.143207550048828,2.6268088817596436
AMD,5.162559986114502,-6.302728652954102,-17.868881225585938,-10.952104568481445,-1.2128911018371582,11.548794746398926,19.97698974609375,-0.8096401691436768
AME,3.4893102645874023,-2.6282052993774414,-12.521331787109375,-8.505742073059082,-4.967372894287109,15.892154693603516,16.336837768554688,1.947629690170288
AMGN,6.520358085632324,-3.8469414710998535,-17.40818977355957,-9.75832748413086,0.39621609449386597,10.968379974365234,19.061689376831055,0.19376827776432037
AMP,5.9390668869018555,-4.621638774871826,-18.21004295349121,-8.014790534973145,-0.1703854203224182,11.21660327911377,19.708227157592773,-1.085758924484253
AMT,5.5065813064575195,-2.859793186187744,-19.910629272460938,-9.0789155960083,0.3115214705467224,12.557878494262695,19.12230682373047,-1.6045615673065186
AMZN,3.9281091690063477,-5.923664569854736,-17.371137619018555,-11.610941886901855,-1.435924768447876,12.047806739807129,18.321561813354492,-3.1606836318969727
ANET,7.981661796569824,-1.7213950157165527,-18.637239456176758,-4.59426212310791,1.0075757503509521,15.20168399810791,18.469154357910156,5.089177131652832
ANSS,2.7619686126708984,-6.714554786682129,-20.3874454498291,-12.264494895935059,-0.08744913339614868,12.19171142578125,18.140655517578125,-3.773866891860962
AON,7.430195331573486,-2.430943012237549,-18.38457489013672,-6.319814205169678,0.504436194896698,12.19697380065918,20.7575740814209,4.83634090423584
AOS,5.971814155578613,-2.8648972511291504,-16.5520076751709,-6.876420974731445,-0.3160744309425354,12.083328247070312,17.56659507751465,-2.023852586746216
APA,3.5386171340942383,-8.042591094970703,-18.173784255981445,-9.869956970214844,-4.1067399978637695,12.583333969116211,21.585018157958984,0.27379631996154785
APD,-12.398075103759766,-11.060297966003418,-9.28006362915039,-10.967400550842285,-6.433785438537598,2.105085849761963,4.373895645141602,-4.901855945587158
APH,6.78245735168457,-0.659879744052887,-16.870716094970703,-5.929128170013428,0.7765125632286072,11.832578659057617,18.342548370361328,1.4370508193969727
APO,4.293150901794434,-5.936819076538086,-19.831195831298828,-11.577990531921387,-0.5661631226539612,13.157249450683594,19.491003036499023,-1.9990758895874023
APTV,4.200811386108398,-5.577505111694336,-19.89737892150879,-11.817316055297852,0.35447925329208374,12.368535995483398,18.75852394104004,-2.252366781234741
ARE,4.466946125030518,-5.509243011474609,-8.71603012084961,-2.4537136554718018,-5.053262710571289,9.85409927368164,17.414623260498047,10.624574661254883
ATO,6.933877944946289,-2.9600892066955566,-15.270346641540527,-3.0810546875,-1.2908830642700195,15.293769836425781,17.680744171142578,8.159395217895508
AVB,5.061954975128174,-2.66717529296875,-20.795490264892578,-5.445492744445801,1.1810176372528076,14.72037410736084,17.59538459777832,-2.3552911281585693
AVGO,5.923273086547852,-8.2185640335083,-18.015703201293945,-9.8677339553833,-0.09114962816238403,18.739850997924805,13.598113059997559,0.346158504486084
AVY,3.0259108543395996,-5.979241371154785,-19.67466163635254,-12.762720108032227,0.5939516425132751,11.594133377075195,17.667612075805664,-3.550415277481079
AWK,5.942729473114014,-5.016311168670654,-17.09285545349121,-8.302547454833984,-1.7066307067871094,12.847949981689453,20.118196487426758,0.7571938037872314
AXON,7.222586631774902,-0.174747496843338,-15.360956192016602,-4.576442718505859,0.22245711088180542,13.248153686523438,17.5987548828125,3.270850658416748
AXP,3.59213924407959,-5.041412353515625,-19.184911727905273,-12.43653392791748,0.9029168486595154,12.006321907043457,17.97348403930664,-1.9088504314422607
AZO,4.576712608337402,-7.137928485870361,-19.540084838867188,-10.788743019104004,-0.3602476716041565,13.838403701782227,18.73655891418457,-1.7637431621551514
BA,4.837734222412109,-2.7754263877868652,-15.386207580566406,-8.909576416015625,0.39863699674606323,9.931217193603516,15.542206764221191,-5.2969136238098145
BAC,-0.3556828200817108,-12.801892280578613,-28.020898818969727,6.012727737426758,0.9124945998191833,14.162689208984375,19.019140243530273,7.76426362991333
BALL,4.754880905151367,-8.463549613952637,-18.705780029296875,-8.142281532287598,-3.2352349758148193,16.357606887817383,20.598026275634766,3.076045274734497
BAX,8.096363067626953,-3.133338451385498,-18.4201602935791,-4.865556716918945,2.187704086303711,14.314838409423828,18.973140716552734,8.59648323059082
BBY,3.279158115386963,-2.8036422729492188,-21.729652404785156,2.7704739570617676,2.473978042602539,16.027040481567383,19.072538375854492,13.642544746398926
BDX,5.962357044219971,-4.007911205291748,-19.110797882080078,-6.929444313049316,-1.740816593170166,14.854227066040039,21.982885360717773,7.235093116760254
BEN,6.030137062072754,-2.802476406097412,-20.387544631958008,-0.8347181081771851,-0.4665907025337219,13.757129669189453,19.871082305908203,2.642463445663452
BG,-9.2974853515625,-10.158427238464355,-2.6597342491149902,-12.339184761047363,-9.739391326904297,7.889554500579834,12.498323440551758,6.184847354888916
BIIB,1.6473464965820312,-6.016599655151367,-10.631134033203125,-11.195738792419434,-6.117919921875,9.623804092407227,15.737405776977539,-5.222873210906982
BK,-12.578920364379883,-6.243934631347656,-18.807064056396484,2.410454273223877,6.062108039855957,-7.3419342041015625,6.023715019226074,19.070093154907227
BKNG,0.5764579772949219,-11.651666641235352,-19.87143898010254,-12.46583080291748,-3.503687858581543,15.494485855102539,19.110599517822266,-0.09984372556209564
BKR,2.606112480163574,-8.094038009643555,-21.391820907592773,-11.245231628417969,-0.5357676148414612,12.560178756713867,20.006683349609375,-1.9315571784973145
BLDR,-8.535888671875,-10.40933895111084,-10.876439094543457,-17.255783081054688,-7.154792785644531,6.657441139221191,12.33141803741455,-6.907065391540527
BLK,3.5037612915039062,-5.49972677230835,-17.70989990234375,-10.916263580322266,0.03729909658432007,8.891790390014648,17.576751708984375,-5.025022029876709
BMY,5.354053497314453,-5.661558151245117,-17.542190551757812,-10.921036720275879,-2.12054705619812,13.724721908569336,20.672895431518555,2.1773993968963623
BR,4.6061601638793945,5.905926704406738,-0.43021929264068604,-6.576833724975586,-11.020806312561035,7.259068965911865,13.96119213104248,3.1765496730804443
BRO,6.100278854370117,-5.13627815246582,-20.630373001098633,-8.138564109802246,-0.03001004457473755,13.222463607788086,20.6915225982666,0.5645544528961182
BSX,5.353946685791016,-4.266456127166748,-18.893831253051758,-10.599162101745605,-0.006020605564117432,13.17690658569336,18.489608764648438,-1.9414243698120117
BX,4.408866882324219,-5.652870178222656,-22.724485397338867,-8.987403869628906,1.8353466987609863,13.59713363647461,19.171110153198242,-2.1274752616882324
BXP,5.518211364746094,-5.371036529541016,-16.566761016845703,-11.781859397888184,-0.5817204117774963,13.006534576416016,17.42342185974121,-1.226227045059204
C,-2.195002555847168,-13.15288257598877,-19.007787704467773,-5.973202705383301,0.5372018218040466,19.664888381958008,6.603116989135742,12.534025192260742
CAG,0.9799385070800781,-15.315442085266113,-23.20257568359375,-6.297058582305908,-2.890315055847168,16.574373245239258,21.30913543701172,7.24623441696167
CAH,-0.3214835822582245,1.859583854675293,-15.957176208496094,-6.2764434814453125,-10.189016342163086,5.343310356140137,30.857078552246094,9.099629402160645
CARR,-0.9513492584228516,-5.622905254364014,-16.05015754699707,-13.982359886169434,-0.640801727771759,3.3915069103240967,16.680574417114258,-7.759773254394531
CAT,-2.325284004211426,-9.063940048217773,-11.328237533569336,-8.633995056152344,-0.4404667019844055,6.188094615936279,9.243940353393555,-2.1109471321105957
CB,4.027738094329834,-6.392094135284424,-19.669523239135742,-10.567231178283691,-1.3047189712524414,12.272031784057617,20.338075637817383,-2.0343451499938965
CBOE,3.704805850982666,-5.772003650665283,-17.86914825439453,-10.444055557250977,-1.211977481842041,13.149141311645508,17.69772720336914,-4.157522201538086
CBRE,3.873627185821533,-7.108529090881348,-21.5852108001709,-8.213301658630371,-0.35624128580093384,12.57815933227539,19.55252456665039,-2.964905261993408
CCI,5.313503265380859,-6.813466548919678,-16.93499755859375,-10.42660140991211,-1.4312512874603271,14.073144912719727,18.51108169555664,0.37223029136657715
CCL,7.050826549530029,-0.6998067498207092,-14.436483383178711,-3.8954827785491943,-0.8683024048805237,15.006423950195312,16.80433464050293,7.1237382888793945
CDNS,-12.505993843078613,-16.416419982910156,-19.38450050354004,-4.244624614715576,-1.4652743339538574,6.821872234344482,6.974363803863525,8.397523880004883
CDW,5.544112205505371,-3.954073429107666,-17.586214065551758,-9.377366065979004,0.2778734564781189,9.942066192626953,18.308807373046875,-2.8966903686523438
CEG,6.580023765563965,-3.9312243461608887,-17.39650535583496,-6.284843921661377,0.10641878843307495,10.993796348571777,18.946678161621094,-1.1405789852142334
CF,-1.71006441116333,-5.590418338775635,-15.405773162841797,-9.059245109558105,2.6329946517944336,6.719018936157227,10.357295989990234,2.2034912109375
CFG,2.69197416305542,-4.537100791931152,-12.782915115356445,-8.72702693939209,-3.830829620361328,10.826997756958008,13.986682891845703,-6.572875499725342
CHD,2.1712636947631836,-10.362906455993652,-15.835909843444824,-8.399796485900879,-6.249045372009277,17.04547882080078,19.425922393798828,4.049709320068359
CHRW,7.243485450744629,-2.047177314758301,-18.610017776489258,-6.697043418884277,1.7994918823242188,12.245596885681152,18.192337036132812,0.285747766494751
CHTR,3.965290069580078,-2.982337474822998,-15.764436721801758,-7.119748115539551,-3.8175711631774902,15.36811637878418,17.705944061279297,1.5909371376037598
CI,5.61138391494751,-1.8113937377929688,-15.094533920288086,-3.8402035236358643,-1.2001118659973145,13.858732223510742,19.222496032714844,11.515888214111328
CINF,3.6190671920776367,-4.916906833648682,-18.073598861694336,-9.016410827636719,-2.490220069885254,12.052874565124512,18.7744197845459,-4.0393548011779785
CL,5.5116472244262695,-5.472261428833008,-18.05219078063965,-7.12232780456543,0.5733098387718201,14.794038772583008,16.994218826293945,-1.2812767028808594
CLX,4.232205390930176,-3.884281635284424,-19.067363739013672,-12.876999855041504,-0.19546252489089966,14.171165466308594,18.808799743652344,-0.7207105159759521
CMCSA,6.094987392425537,3.11014461517334,-20.700719833374023,-4.656633377075195,2.7471389770507812,12.63001823425293,21.755176544189453,7.358290195465088
CME,6.7298455238342285,-5.6012492179870605,-18.768651962280273,-4.71040153503418,0.20062154531478882,13.305967330932617,21.053485870361328,7.594674587249756
CMG,6.86076021194458,-5.711954593658447,-21.599531173706055,-4.524998664855957,0.5914728045463562,14.449568748474121,20.051401138305664,1.3910343647003174
CMI,5.657422065734863,-3.971221923828125,-17.14772605895996,-11.078200340270996,1.4657864570617676,9.581991195678711,17.401546478271484,-2.087725877761841
CMS,4.536391258239746,-4.860422134399414,-19.235361099243164,-10.934805870056152,-1.2398922443389893,13.452613830566406,20.515928268432617,0.007623448967933655
CNC,6.635653495788574,-1.3874573707580566,-19.13874053955078,-5.226417541503906,1.2029428482055664,15.318389892578125,17.47160530090332,0.7078325748443604
CNP,5.36232852935791,-2.7757577896118164,-16.52788543701172,-3.5998990535736084,-3.445411205291748,13.710214614868164,18.209089279174805,1.8293027877807617
COF,2.217268943786621,-6.678411960601807,-16.93559455871582,-3.79982590675354,-3.296572208404541,14.205607414245605,15.749618530273438,-3.9037413597106934
COO,3.968639850616455,-10.200844764709473,-16.40974235534668,-11.278914451599121,-2.825249195098877,13.945001602172852,19.237106323242188,2.1863863468170166
COP,7.002490043640137,-4.538448333740234,-19.334959030151367,-5.3298492431640625,0.4368595480918884,13.747611045837402,20.27301597595215,3.773348569869995
COR,2.257534980773926,-5.011011123657227,-15.484495162963867,-7.913386344909668,-2.8287832736968994,9.386798858642578,15.850423812866211,-8.074746131896973
COST,3.263040542602539,-4.8217926025390625,-16.46113395690918,-11.889333724975586,-0.7763708233833313,9.243600845336914,16.60820198059082,-5.847007751464844
CPAY,4.948369026184082,-4.476541996002197,-18.68611717224121,-11.399760246276855,0.31773823499679565,12.70187759399414,17.8488712310791,-2.7532503604888916
CPB,6.968050479888916,-7.733035087585449,-27.380760192871094,-4.825305938720703,4.234526634216309,15.117667198181152,21.636154174804688,4.608782768249512
CPRT,-1.7333991527557373,9.057084083557129,-9.966824531555176,-7.418441295623779,-2.035860061645508,-2.926074504852295,19.15709686279297,3.987783670425415
CPT,6.115761756896973,-4.167139530181885,-19.19093894958496,-8.431164741516113,0.9916135668754578,10.876409530639648,19.489356994628906,-1.237217903137207
CRL,6.283945083618164,-4.772735595703125,-13.992055892944336,-7.778777122497559,-2.3501906394958496,17.026750564575195,15.246582984924316,2.375387668609619
CRM,6.80758810043335,-3.616476058959961,-12.141119956970215,-6.624546051025391,-1.9683942794799805,11.551374435424805,17.945371627807617,6.720971584320068
CRWD,6.909029960632324,-5.047945022583008,-21.469629287719727,-8.443995475769043,1.3186695575714111,12.96390151977539,21.666706085205078,4.259159564971924
CSCO,-0.7328519821166992,-8.809800148010254,-11.933361053466797,-12.661478042602539,-2.7326302528381348,7.606916427612305,12.775886535644531,1.6551330089569092
CSGP,6.78352165222168,-6.109310626983643,-20.453533172607422,-3.457967519760132,0.37524956464767456,13.503705024719238,19.64116859436035,1.797741174697876
CSX,7.689475059509277,-1.261258602142334,-18.448265075683594,-4.299546241760254,1.3062527179718018,10.953705787658691,20.201129913330078,3.6161081790924072
CTAS,6.3342790603637695,-4.702744483947754,-18.44449806213379,-5.315702438354492,-1.383235216140747,13.222307205200195,20.315143585205078,1.5638351440429688
CTRA,4.9597320556640625,-4.509974479675293,-19.72105598449707,-10.512747764587402,0.4875032305717468,12.6495361328125,18.920978546142578,-2.204517126083374
CTSH,-2.036031723022461,-4.625959396362305,-12.920037269592285,-10.9953031539917,-5.694477558135986,8.148141860961914,12.465152740478516,-9.460443496704102
CTVA,2.2275867462158203,-10.562853813171387,-16.98819351196289,-9.277558326721191,-5.798516750335693,13.733421325683594,20.55076789855957,6.033708572387695
CVS,-3.5576109886169434,-3.9687185287475586,-6.85984468460083,-10.910240173339844,-6.616560459136963,8.222457885742188,11.448780059814453,-4.076586723327637
CVX,2.9056649208068848,-0.8553205132484436,6.3536529541015625,-6.055643558502197,-13.55882740020752,9.113195419311523,5.901355266571045,2.9161624908447266
CZR,2.293241500854492,-4.220758438110352,-15.04367446899414,-6.477844715118408,-3.3553476333618164,11.353094100952148,15.395537376403809,-7.462090015411377
D,5.62732458114624,-6.121753215789795,-14.255973815917969,-2.3789408206939697,-2.2823901176452637,12.361387252807617,19.269786834716797,9.238792419433594
DAL,3.838528633117676,-1.3305706977844238,-15.545504570007324,-5.419339656829834,-3.4519026279449463,22.910280227661133,13.009450912475586,10.448110580444336
DASH,-4.6337080001831055,-16.861316680908203,-23.69524383544922,-2.922846794128418,-0.10314518213272095,13.593841552734375,14.140314102172852,3.4631989002227783
DAY,0.40181973576545715,-8.402091026306152,-17.601276397705078,-9.484317779541016,2.7650537490844727,9.50218391418457,13.835065841674805,10.556129455566406
DD,2.3658347129821777,-3.2122654914855957,-10.538644790649414,-10.802576065063477,-1.543609857559204,5.802908420562744,16.38102149963379,14.434020042419434
DE,-6.067166328430176,-13.106968879699707,-16.589324951171875,-9.462148666381836,-9.410185813903809,12.846139907836914,21.583763122558594,3.0879342555999756
DECK,5.527607440948486,-3.5382771492004395,-14.315858840942383,-7.656035900115967,-2.23317289352417,11.245240211486816,18.04197883605957,-1.3454527854919434
DELL,4.031030654907227,-5.630824565887451,-19.328670501708984,-11.77641773223877,1.1061656475067139,10.467548370361328,18.226829528808594,-2.9476850032806396
DFS,2.1526074409484863,-6.5713276863098145,-15.586027145385742,-13.469771385192871,1.5744307041168213,7.723696708679199,13.788010597229004,-3.060905694961548
DG,3.794579029083252,-7.806061744689941,-16.44675064086914,-10.287363052368164,-2.0068280696868896,13.658191680908203,18.13817024230957,-0.9818713665008545
DGX,6.379051685333252,3.735438823699951,-9.46263313293457,-0.09616992622613907,-2.5796046257019043,10.21076774597168,16.340293884277344,5.208508014678955
DHI,5.1612629890441895,-3.479729175567627,-16.615726470947266,-8.697978019714355,-2.7632837295532227,14.553464889526367,19.24427604675293,0.6955621242523193
DHR,4.6710333824157715,-5.22652530670166,-19.06947135925293,-10.93775463104248,0.2973868250846863,11.005894660949707,19.356460571289062,-2.033412456512451
DIS,6.766610145568848,-2.3540940284729004,-15.628427505493164,-7.788276672363281,-1.1304852962493896,12.98061752319336,18.52333641052246,1.5060622692108154
DLR,4.458911895751953,-7.194206714630127,-16.787019729614258,-3.0496745109558105,1.5633354187011719,12.532088279724121,18.40292739868164,14.874565124511719
DLTR,6.095705032348633,-4.5793914794921875,-22.477964401245117,-9.905095100402832,0.4131852984428406,16.735816955566406,21.182775497436523,4.6582770347595215
DOC,3.9325037002563477,-0.9253430962562561,-7.5951008796691895,0.6339689493179321,-5.2493672370910645,7.108611583709717,12.90908145904541,-3.449078321456909
DOV,5.28626012802124,-6.436542987823486,-10.49858283996582,-5.805184364318848,-2.89001202583313,21.555706024169922,6.5834784507751465,12.568981170654297
DOW,6.071393013000488,-4.9136834144592285,-18.120203018188477,-8.948280334472656,-0.4578152298927307,13.368719100952148,19.63943099975586,0.4712955951690674
DPZ,-2.69368314743042,-7.255109786987305,-5.577336311340332,-10.422032356262207,-7.2330522537231445,7.346084117889404,13.183622360229492,0.2688593864440918
DRI,6.953275203704834,-3.5672597885131836,-18.782468795776367,-7.876340389251709,-0.6453943848609924,13.646952629089355,20.606266021728516,4.070733070373535
DTE,5.338042736053467,-5.977521896362305,-18.059030532836914,-5.055488586425781,-0.2559970021247864,11.213035583496094,19.12157440185547,-1.6996583938598633
DUK,5.63346004486084,-3.4663476943969727,-17.693483352661133,-5.987462997436523,-0.989147961139679,15.608878135681152,17.656429290771484,-0.19586513936519623
DVA,5.57427978515625,-3.490081787109375,-17.6491641998291,-8.83324909210205,-0.4851000905036926,15.354103088378906,17.283605575561523,-1.220057725906372
DVN,4.043604373931885,-5.617433071136475,-16.09573745727539,-15.559670448303223,-0.6641624569892883,11.702566146850586,18.146751403808594,2.270766019821167
DXCM,-2.493837833404541,-4.196893215179443,-7.151291847229004,-11.37085247039795,-8.034577369689941,9.019448280334473,11.354352951049805,-8.91795539855957
EA,7.572023391723633,0.13053318858146667,-12.785294532775879,-5.500596046447754,0.41177576780319214,8.359763145446777,16.844825744628906,1.8260552883148193
EBAY,4.0014472007751465,-5.046530723571777,-20.448781967163086,-9.148340225219727,-4.777207851409912,15.993289947509766,23.078399658203125,5.130898952484131
ECL,5.616197109222412,-4.980071067810059,-16.95341682434082,-10.789816856384277,-2.267861843109131,14.87094497680664,20.508724212646484,6.760189056396484
ED,7.258306503295898,-5.878330230712891,-24.454172134399414,-7.666784286499023,3.2645068168640137,14.736791610717773,21.72090721130371,4.953639507293701
EFX,4.005083084106445,-2.354578971862793,-17.84265899658203,-5.53997802734375,-0.12618571519851685,13.703544616699219,15.547204971313477,-4.901447296142578
EG,5.671849250793457,-4.43326473236084,-15.330410957336426,-10.906718254089355,-0.8900309205055237,12.89978313446045,18.049219131469727,0.6806843280792236
EIX,3.8213043212890625,-5.146819114685059,-17.62779998779297,-7.053745746612549,-0.7339103817939758,10.303707122802734,17.538312911987305,-5.446775436401367
EL,0.8091654777526855,-4.1894917488098145,-17.386302947998047,-11.088604927062988,-0.29647141695022583,14.509841918945312,13.984328269958496,-5.655992031097412
ELV,5.974502086639404,-1.0621337890625,-9.160139083862305,0.517870306968689,-2.501004695892334,10.507627487182617,15.787445068359375,8.226091384887695
EMN,5.619699001312256,-3.3423614501953125,-15.777301788330078,-6.127014636993408,-1.7954528331756592,11.865015029907227,17.523029327392578,-2.445361614227295
EMR,2.885244369506836,-9.348956108093262,-15.593526840209961,-10.964828491210938,-6.665069580078125,15.051400184631348,21.410499572753906,5.105086326599121
ENPH,4.731847286224365,-6.687885761260986,-18.485204696655273,-9.8883695602417,-2.1008682250976562,13.3499174118042,20.433347702026367,-0.37753987312316895
EOG,5.587869167327881,1.0447282791137695,-7.1831374168396,-5.83552360534668,-3.8873023986816406,9.847658157348633,13.79923152923584,0.6590821743011475
EPAM,-1.331860065460205,-7.553849220275879,-15.66319751739502,-9.82848072052002,-5.824338912963867,10.92473316192627,16.04522132873535,-8.31985092163086
EQIX,6.835237979888916,-2.5885746479034424,-10.63262939453125,-4.918506622314453,-1.789018154144287,11.065987586975098,16.1981258392334,6.986510276794434
EQR,6.776798725128174,-1.8976845741271973,-19.047210693359375,-8.256277084350586,0.6754876971244812,13.21078109741211,19.918567657470703,1.9660961627960205
EQT,6.3908209800720215,-8.33512020111084,-17.567707061767578,-8.076813697814941,-0.4409577250480652,19.44181251525879,12.38127613067627,2.4318177700042725
ERIE,-7.498848915100098,-7.497081756591797,-8.792699813842773,-18.55510902404785,-7.677143096923828,5.348021984100342,8.21554946899414,-8.311965942382812
ES,4.551971912384033,-4.079989433288574,-21.00422477722168,-9.67814826965332,2.179520606994629,11.647499084472656,18.295095443725586,-2.5108513832092285
ESS,6.854054927825928,1.390200138092041,-15.434686660766602,-1.4743953943252563,0.8661262392997742,14.772377014160156,16.170040130615234,4.575760364532471
ETN,6.702029705047607,-9.514697074890137,-20.705411911010742,-8.510478973388672,0.014783322811126709,20.133119583129883,15.246893882751465,4.302270412445068
ETR,3.8148956298828125,-5.9745707511901855,-18.991941452026367,-12.187296867370605,0.02853459119796753,11.205443382263184,18.57733154296875,-3.174077272415161
EVRG,6.244701385498047,-2.553715229034424,-20.282155990600586,-6.9533796310424805,2.1040244102478027,17.085586547851562,15.807390213012695,-0.18168829381465912
EW,5.3581976890563965,-1.4894919395446777,-17.053150177001953,-4.371588706970215,-0.17168337106704712,16.659748077392578,15.915733337402344,0.6476130485534668
EXC,7.720623970031738,-2.14078950881958,-14.882913589477539,-3.6839981079101562,-0.04845672845840454,12.779979705810547,17.318063735961914,4.377164840698242
EXE,5.039870738983154,-3.1098947525024414,-14.781227111816406,-4.867609977722168,-1.7547008991241455,13.110812187194824,15.170896530151367,-3.4690001010894775
EXPD,-3.7662906646728516,-1.3734440803527832,-15.580129623413086,-3.4311165809631348,-0.9291191697120667,6.725758075714111,5.997928619384766,-5.762702465057373
EXPE,6.344956398010254,-4.286952018737793,-16.723047256469727,-7.119104385375977,-1.0394096374511719,11.463327407836914,19.730623245239258,0.66861891746521
EXR,0.9795045852661133,-12.761160850524902,-12.646598815917969,-9.974562644958496,-3.4917235374450684,14.124666213989258,13.846355438232422,6.67081880569458
F,5.891339302062988,-3.3620495796203613,-13.470197677612305,-8.705693244934082,-2.003795623779297,14.368972778320312,15.855655670166016,-0.4643387794494629
FANG,1.1705427169799805,-7.153702259063721,-3.8944926261901855,-12.389922142028809,-6.837532997131348,9.67672348022461,11.739754676818848,-1.6163156032562256
FAST,-0.1002015769481659,-8.369081497192383,-17.953731536865234,-10.64619255065918,-3.7321009635925293,11.365694999694824,17.097871780395508,-7.474737644195557
FCX,6.074936866760254,-3.681380271911621,-17.98270606994629,-9.764492988586426,0.18982142210006714,11.90083122253418,19.00063133239746,-0.8436715602874756
FDS,3.8224854469299316,-5.828164100646973,-12.744245529174805,-11.313750267028809,-3.974226951599121,10.577934265136719,17.719419479370117,-1.9066531658172607
FDX,6.664794921875,-2.0679259300231934,-16.1860408782959,-7.003864765167236,-0.10386759042739868,11.590317726135254,17.487878799438477,-1.0462372303009033
FE,1.9737253189086914,-9.432177543640137,-18.737897872924805,-11.648109436035156,-5.796846866607666,12.172650337219238,23.516916275024414,4.6698102951049805
FFIV,6.298472881317139,-4.457791328430176,-19.02619171142578,-4.059704303741455,2.0764026641845703,14.396300315856934,13.005824089050293,-2.6808433532714844
FI,3.844625949859619,-10.059428215026855,-18.104639053344727,-10.05260944366455,-3.3975841999053955,15.366008758544922,19.906246185302734,5.73421573638916
FICO,5.395451068878174,-4.374080657958984,-23.100290298461914,-8.248034477233887,2.4978749752044678,13.89732837677002,20.17660903930664,0.10710789263248444
FIS,3.13926362991333,-4.970874309539795,-20.736536026000977,-12.235774040222168,1.7721045017242432,11.783174514770508,17.641124725341797,-3.178809642791748
FITB,3.9202303886413574,-3.137862205505371,-25.499906539916992,-1.814670205116272,3.967939853668213,17.717594146728516,21.852331161499023,14.560443878173828
FOX,3.422821044921875,-8.956934928894043,-16.29818344116211,-10.380156517028809,-4.551826477050781,16.14790916442871,19.10321044921875,1.520071268081665
FOXA,-2.9282350540161133,-9.67859935760498,-10.637927055358887,-10.253491401672363,-2.5850954055786133,12.59868049621582,7.636736869812012,1.6651184558868408
FRT,-2.88135027885437,-9.073873519897461,-9.569124221801758,-10.74875545501709,-3.187937021255493,12.336141586303711,8.394575119018555,0.9026403427124023
FSLR,-5.409281253814697,-11.777671813964844,-8.441998481750488,-12.402825355529785,-2.57647967338562,13.395172119140625,0.7651436924934387,-2.6550416946411133
FTNT,3.1191067695617676,-3.484671115875244,-15.542998313903809,-9.358039855957031,-0.028727352619171143,7.860320568084717,15.997257232666016,-5.330943584442139
FTV,5.527984142303467,-3.3771328926086426,-14.487619400024414,-9.4691801071167,-1.0228970050811768,11.621467590332031,16.556615829467773,-1.936004400253296
GD,3.897397994995117,-8.92679214477539,-15.801311492919922,-5.962407112121582,0.6379751563072205,5.727364540100098,16.668893814086914,1.2693240642547607
GDDY,1.9813966751098633,-7.825680732727051,-18.807647705078125,-10.264254570007324,-3.9139976501464844,13.927857398986816,18.773601531982422,-4.507822513580322
GE,3.7592086791992188,-6.837199687957764,-23.224084854125977,-10.899161338806152,0.6908401846885681,14.594802856445312,19.515779495239258,0.4325597286224365
GEHC,-9.660694122314453,-12.98658561706543,-14.920293807983398,-18.062158584594727,-0.14321666955947876,2.161850690841675,8.068056106567383,-4.060412406921387
GEN,-1.2850232124328613,-3.7269179821014404,-10.70710563659668,-5.747983932495117,1.7049105167388916,5.645406246185303,7.374157905578613,2.9156463146209717
GEV,5.022057056427002,-3.5717177391052246,-16.531904220581055,-12.750029563903809,-3.3638339042663574,16.525779724121094,19.121580123901367,2.9719135761260986
GILD,-1.5809406042099,-2.440880537033081,-7.166961193084717,-3.964219570159912,-0.12339097261428833,4.692529201507568,4.8509202003479,2.019458532333374
GIS,-0.4675740897655487,-3.0563406944274902,-10.772242546081543,-15.25890827178955,1.755561351776123,-5.812124729156494,12.36352252960205,-9.67174243927002
GL,4.847533702850342,3.527709484100342,-8.28561019897461,-8.678736686706543,-1.6336896419525146,8.46023941040039,12.641249656677246,-4.441095352172852
GLW,4.43614387512207,-4.29594612121582,-16.922954559326172,-1.6061228513717651,-1.797398567199707,11.401724815368652,18.227108001708984,-1.1203455924987793
GM,3.8246994018554688,-6.73477840423584,-18.974565505981445,-9.35983943939209,-3.042426586151123,16.251182556152344,20.734968185424805,3.006385564804077
GNRC,3.1655240058898926,-10.351646423339844,-15.143478393554688,-9.03972053527832,-3.569085121154785,13.850441932678223,19.650527954101562,6.911637783050537
GOOG,6.077588081359863,-4.201842784881592,-10.711402893066406,-8.691402435302734,-2.745722770690918,13.0324068069458,16.416702270507812,9.50925064086914
GOOGL,5.840147972106934,-5.374922752380371,-17.77765464782715,-10.819689750671387,-0.9239597916603088,12.924318313598633,19.4574031829834,0.19416548311710358
GPC,4.173032283782959,-2.2325057983398438,-10.894647598266602,-5.223213195800781,-2.1521859169006348,8.526829719543457,14.1934814453125,-5.304096698760986
GPN,6.176511764526367,-2.085590362548828,-24.10454750061035,0.5670117139816284,3.558143138885498,14.47651481628418,23.240575790405273,10.512110710144043
GRMN,6.097651481628418,-5.616998672485352,-20.233919143676758,-10.741410255432129,0.9534263014793396,13.94465446472168,20.064762115478516,2.2645814418792725
GS,3.345219612121582,-7.625685691833496,-17.26311683654785,-13.171445846557617,-2.9052305221557617,13.912708282470703,19.14536476135254,-1.1422510147094727
GWW,3.7525973320007324,-4.889674186706543,-18.41356086730957,-10.727425575256348,0.2394976019859314,10.35955810546875,17.72528839111328,-4.445147514343262
HAL,-12.26700210571289,-11.230801582336426,-12.880173683166504,-12.500761985778809,-10.70561408996582,6.638094425201416,15.401289939880371,-4.581958293914795
HAS,0.5371670722961426,-8.047661781311035,-16.091245651245117,-1.5292538404464722,-1.7628216743469238,16.715383529663086,13.494163513183594,11.709266662597656
HBAN,2.2017087936401367,-10.836291313171387,-17.747995376586914,-7.8286895751953125,-4.750866889953613,16.067852020263672,19.660566329956055,1.8559751510620117
HCA,5.030172348022461,-5.240610122680664,-17.01300811767578,-9.292037010192871,-0.2362108826637268,11.350675582885742,17.886449813842773,-2.802072763442993
HD,6.24029541015625,-3.9227943420410156,-18.029102325439453,-8.747281074523926,-0.5505347847938538,13.169233322143555,19.675989151000977,0.6448771953582764
HES,2.881242036819458,-4.0563578605651855,-14.184337615966797,-8.467015266418457,-1.668567180633545,8.11412525177002,15.153670310974121,-7.8618340492248535
HIG,2.8074798583984375,-7.4413676261901855,-18.511587142944336,-11.429802894592285,-0.9703443646430969,13.035648345947266,17.67578887939453,-4.123980522155762
HII,1.7537164688110352,-7.771381378173828,-21.180543899536133,-3.502669334411621,-3.0192863941192627,13.315069198608398,19.229459762573242,-2.621899127960205
HLT,4.775196075439453,-6.4204912185668945,-19.496763229370117,-10.154486656188965,-0.32757431268692017,12.776902198791504,19.131855010986328,-2.187621831893921
HOLX,6.317997455596924,-1.3172354698181152,-14.463275909423828,-7.512239456176758,-0.637015163898468,11.139114379882812,17.647611618041992,0.2910277843475342
HON,6.114327907562256,-4.311967849731445,-17.872241973876953,-5.7061285972595215,-0.7482896447181702,13.181602478027344,20.036420822143555,1.732344388961792
HPE,1.2679033279418945,-10.884052276611328,-17.92943000793457,-9.055671691894531,-3.2714860439300537,11.456310272216797,17.265941619873047,-3.065549373626709
HPQ,4.263054370880127,-6.22242546081543,-16.18587875366211,-9.16629695892334,-3.998666763305664,14.441177368164062,19.050491333007812,-0.2897024154663086
HRL,5.728692054748535,4.522109031677246,-11.922464370727539,1.5124366283416748,0.06797260046005249,11.448558807373047,15.027593612670898,5.78582239151001
HSIC,3.283658504486084,-1.3531992435455322,-7.374588489532471,-5.15526008605957,-2.311582565307617,11.042323112487793,10.980023384094238,-2.331254243850708
HST,-0.8554835319519043,-12.711038589477539,-17.59754753112793,-6.472450256347656,-5.632070541381836,11.356552124023438,17.783130645751953,-3.37046217918396
HSY,5.717944622039795,0.07238145917654037,-11.934576988220215,-4.506976127624512,-0.6795055270195007,10.010717391967773,14.087262153625488,-3.7441182136535645
HUBB,3.580868721008301,-5.139019966125488,-18.282880783081055,-11.071938514709473,0.1751827597618103,10.306735038757324,17.789764404296875,-4.432601451873779
HUM,6.079286098480225,0.8408307433128357,-12.824671745300293,-1.847394347190857,-2.839855194091797,10.014434814453125,17.266462326049805,1.766566276550293
HWM,-0.0899481475353241,-5.627866268157959,-14.276155471801758,-13.68912410736084,1.1800243854522705,8.557286262512207,11.908540725708008,-4.8128437995910645
IBM,0.8305010795593262,-7.1903839111328125,-18.481374740600586,-13.66865062713623,-0.6916187405586243,11.892784118652344,16.379751205444336,-4.534389019012451
ICE,6.3133673667907715,-4.847031593322754,-20.32128143310547,-9.025388717651367,0.3997935652732849,14.086380004882812,20.389286041259766,1.3180592060089111
IDXX,7.0206732749938965,-3.504807949066162,-15.386213302612305,-6.308312892913818,-0.9111035466194153,11.16080093383789,19.807531356811523,3.6483685970306396
IEX,6.345223426818848,-3.3297958374023438,-17.429048538208008,-4.761578559875488,-1.1042454242706299,12.349079132080078,19.968225479125977,1.4033336639404297
IFF,-1.1536953449249268,-6.225468635559082,-12.009544372558594,-3.6098437309265137,-4.656510829925537,16.038700103759766,13.444236755371094,13.679309844970703
INCY,-11.888815879821777,-2.1771240234375,-9.12889289855957,0.17013850808143616,-8.5706205368042,2.1680405139923096,14.19963264465332,25.03670310974121
INTC,5.386684894561768,-5.840397834777832,-28.62884521484375,2.1470541954040527,4.743009090423584,14.447999954223633,25.268457412719727,14.224943161010742
INTU,6.767458915710449,-4.999382495880127,-18.217273712158203,-9.007098197937012,0.1782500147819519,12.060373306274414,19.469562530517578,0.26224541664123535
INVH,5.397486686706543,-1.7739508152008057,-6.873654365539551,-11.724360466003418,0.4470910429954529,8.897991180419922,9.069707870483398,-1.3586134910583496
IP,-1.2427172660827637,-11.138622283935547,-14.874153137207031,-14.243918418884277,-7.638213157653809,17.122051239013672,19.91421127319336,6.934453964233398
IPG,4.496983051300049,-4.68276834487915,-10.299324035644531,-6.9990997314453125,-2.5538039207458496,9.374113082885742,15.176858901977539,-2.7774033546447754
IQV,7.049459457397461,-3.985323429107666,-15.919567108154297,-5.949864387512207,-0.6673067212104797,12.420121192932129,18.51679229736328,1.6406867504119873
IR,1.4097366333007812,-4.95950984954834,-12.073539733886719,-13.09442138671875,0.7313644289970398,6.3850417137146,12.31777286529541,-4.1937408447265625
IRM,2.158686637878418,-5.794768333435059,-18.301633834838867,-13.537476539611816,-0.5462480187416077,12.830767631530762,16.578664779663086,-4.430136680603027
ISRG,5.4997663497924805,-5.651322364807129,-20.785799026489258,-9.902718544006348,0.3677055239677429,13.48982048034668,20.631328582763672,0.8366472721099854
IT,4.244254112243652,-5.9040117263793945,-16.996864318847656,-10.132064819335938,-0.8102796673774719,11.175390243530273,17.543563842773438,-4.04424524307251
ITW,5.728551864624023,-3.887165069580078,-18.285287857055664,-7.935610771179199,-1.1691899299621582,12.367408752441406,20.501739501953125,-0.0050864070653915405
IVZ,-10.874484062194824,-10.613672256469727,-5.324208736419678,-15.205292701721191,-10.224353790283203,11.039900779724121,14.353862762451172,10.40933609008789
J,6.29879093170166,-4.0931620597839355,-17.469951629638672,-8.1547212600708,-0.5848026871681213,13.328584671020508,19.115543365478516,0.34533190727233887
JBHT,5.374889373779297,-4.358121871948242,-14.368144989013672,-7.60565710067749,-3.555727958679199,11.545011520385742,19.047527313232422,-0.10471247136592865
JBL,4.12716007232666,-5.38851261138916,-17.47118377685547,-9.49431037902832,0.0533711314201355,8.570879936218262,17.727977752685547,-4.8403096199035645
JCI,4.517390251159668,-5.271119117736816,-13.234382629394531,-10.936629295349121,-1.9351086616516113,12.388650894165039,16.76271629333496,-0.7289657592773438
JKHY,6.491983890533447,-1.2643208503723145,-18.87959098815918,-4.265865325927734,-0.6355121731758118,14.753002166748047,18.618131637573242,2.180591583251953
JNJ,5.93752908706665,-1.8904752731323242,-16.23423194885254,-5.659183025360107,-2.208669900894165,13.998823165893555,18.604339599609375,0.9084832668304443
JNPR,2.3829145431518555,-7.242941379547119,-15.678573608398438,-11.460968971252441,-2.5890555381774902,12.262187004089355,16.288557052612305,-4.23887300491333
JPM,4.564456462860107,-7.5179619789123535,-21.08198356628418,-9.85097599029541,-0.38351160287857056,13.701502799987793,20.910001754760742,-0.1827399581670761
K,-1.061020851135254,1.349656105041504,-14.671701431274414,-16.46962547302246,-2.425788640975952,18.189573287963867,14.460088729858398,-3.4397499561309814
KDP,7.131884574890137,-1.909146785736084,-16.483518600463867,-4.412385940551758,0.3198201060295105,13.078495025634766,17.08033561706543,0.7189733982086182
KEY,1.4059453010559082,-11.436370849609375,-13.773359298706055,-7.4456682205200195,-7.177980422973633,17.442672729492188,17.440454483032227,6.511048793792725
KEYS,7.1025471687316895,-2.1339855194091797,-14.246824264526367,-5.330799102783203,-0.33386141061782837,11.645944595336914,17.02974510192871,0.9116456508636475
KHC,-13.009178161621094,-10.245327949523926,-11.343402862548828,-9.483138084411621,-5.543579578399658,0.8285976648330688,8.105124473571777,6.632338047027588
KIM,0.8629508018493652,-4.709547996520996,-7.2154154777526855,-15.54576587677002,-1.3597640991210938,13.424822807312012,6.499975681304932,-5.6015801429748535
KKR,4.015405178070068,-6.533768177032471,-18.88325309753418,-13.60396957397461,-0.14521676301956177,13.085386276245117,18.321102142333984,-1.4197556972503662
KLAC,4.746495246887207,-5.151537895202637,-18.242097854614258,-11.24146556854248,0.008740842342376709,10.939224243164062,18.512901306152344,-2.955930709838867
KMB,6.461691379547119,1.7395453453063965,-17.83784294128418,-6.766209602355957,3.6598360538482666,12.788604736328125,16.271150588989258,-0.008116468787193298
KMI,0.8559188842773438,-7.950262069702148,-12.294058799743652,-13.969868659973145,2.773944854736328,5.8102240562438965,4.887983322143555,-4.790136814117432
KMX,6.124209880828857,-6.277862071990967,-14.367273330688477,-5.809805870056152,-1.6671662330627441,13.483488082885742,18.116960525512695,12.165948867797852
KO,5.447271347045898,-2.643141746520996,-16.789087295532227,-7.0956573486328125,0.15152686834335327,12.918176651000977,16.56022834777832,-3.218898296356201
KR,3.59213924407959,-1.853010654449463,-11.267375946044922,-12.984532356262207,-1.2731363773345947,9.851600646972656,13.193096160888672,-4.764219760894775
KVUE,-1.5156898498535156,-1.7297523021697998,-5.951606273651123,-2.6292061805725098,0.03779357671737671,4.2078857421875,4.064765930175781,1.7838150262832642
L,2.3644495010375977,-9.112283706665039,-18.324678421020508,-9.624527931213379,-2.3346612453460693,13.171867370605469,17.972410202026367,-4.139383792877197
LDOS,5.383779525756836,-3.9188480377197266,-22.186853408813477,-9.357866287231445,0.8049978613853455,15.23375415802002,20.17544174194336,0.5730071067810059
LEN,4.148369789123535,-5.989238739013672,-18.301706314086914,-12.127089500427246,-0.22269707918167114,10.48124885559082,19.132387161254883,-2.1088998317718506
LH,5.680511474609375,-5.200522422790527,-15.266782760620117,-8.530362129211426,-3.0561976432800293,13.332204818725586,19.613834381103516,2.3049228191375732
LHX,6.622965335845947,-3.9920477867126465,-19.654897689819336,-4.916608810424805,-0.3020675778388977,15.562555313110352,18.825483322143555,1.6213195323944092
LII,4.279291152954102,-6.762694358825684,-22.578035354614258,-10.727967262268066,1.5277729034423828,12.720487594604492,20.14792823791504,-0.624945878982544
LIN,5.652501106262207,-3.961881637573242,-17.819307327270508,-8.964947700500488,0.06247013807296753,10.977849960327148,18.656949996948242,-2.407548666000366
LKQ,3.166639804840088,-3.836552619934082,-7.133339881896973,-6.641895771026611,-5.727181434631348,8.74608325958252,14.573431968688965,-2.0021514892578125
LLY,3.336215019226074,-5.0937581062316895,-18.98629379272461,-11.97485637664795,0.6210159659385681,10.186103820800781,17.234638214111328,-5.07672643661499
LMT,4.765840530395508,-2.4109811782836914,-19.744314193725586,-6.797680854797363,-0.13929015398025513,13.895097732543945,18.28856086730957,-2.4582788944244385
LNT,6.401167869567871,-1.812459945678711,-17.96904945373535,-5.946063995361328,0.03482931852340698,15.67879867553711,17.540008544921875,1.0983171463012695
LOW,5.9128499031066895,-3.562976837158203,-16.003231048583984,-9.539785385131836,-1.0118205547332764,12.07162094116211,18.486785888671875,-0.6220557689666748
LRCX,5.924429893493652,-5.372269630432129,-18.102720260620117,-9.94256591796875,-0.3330720067024231,10.675311088562012,20.230436325073242,-0.10278581082820892
LULU,7.956493377685547,-1.1088252067565918,-15.948745727539062,-4.871095657348633,1.0436933040618896,9.630911827087402,18.421430587768555,2.3102638721466064
LUV,-6.239147186279297,-9.351946830749512,-12.493693351745605,1.5774728059768677,-4.5103654861450195,11.378669738769531,13.286608695983887,13.674628257751465
LVS,-3.788991928100586,-8.321215629577637,-28.065692901611328,5.377402305603027,-2.694491386413574,7.703711986541748,26.524532318115234,9.9210844039917
LW,3.3378238677978516,-1.5745725631713867,-15.347362518310547,-1.5632725954055786,1.3556387424468994,-0.26556190848350525,16.663959503173828,-3.55306339263916
LYB,2.185361862182617,-9.448054313659668,-15.583612442016602,-7.778196334838867,-5.671698570251465,10.424361228942871,20.095691680908203,-1.5778181552886963
LYV,6.260597229003906,-6.4801506996154785,-18.357646942138672,-7.3216962814331055,-0.5938540101051331,14.620704650878906,18.580739974975586,1.0548884868621826
MA,6.771277904510498,-3.463378429412842,-20.31449317932129,-6.918852806091309,1.2789509296417236,12.537599563598633,19.96208381652832,0.4013698101043701
MAA,6.224276542663574,-2.740696430206299,-12.946885108947754,-7.7997894287109375,-1.7345376014709473,15.141012191772461,15.52110481262207,1.0456345081329346
MAR,3.6036200523376465,-8.05576229095459,-20.702306747436523,-8.533639907836914,-1.3449761867523193,12.477136611938477,19.94907569885254,-2.974668025970459
MAS,5.239142417907715,-4.798241138458252,-20.072126388549805,-10.986287117004395,-0.589576780796051,13.971186637878418,21.04010009765625,1.3094737529754639
MCD,6.050529479980469,-2.7873764038085938,-17.82603645324707,-5.320727348327637,0.11207979917526245,11.877557754516602,18.413759231567383,-1.639906883239746
MCHP,5.854208946228027,-4.567805767059326,-16.946226119995117,-6.845736503601074,-1.9098351001739502,11.137414932250977,20.48849868774414,0.2951633930206299
MCK,2.1685805320739746,-4.364985942840576,-15.515756607055664,-12.763200759887695,-1.102560043334961,8.902442932128906,15.20830249786377,-7.392909526824951
MCO,6.579407215118408,-4.275026321411133,-19.49917221069336,-9.595090866088867,0.43985074758529663,13.274742126464844,19.964168548583984,1.171476125717163
MDLZ,6.484601020812988,-1.6106977462768555,-15.735893249511719,-5.876706123352051,1.3038520812988281,9.704916000366211,16.740192413330078,-2.7503745555877686
MDT,6.8031744956970215,-4.100692272186279,-18.52069664001465,-3.023951292037964,1.6817924976348877,14.519433975219727,19.591169357299805,9.825088500976562
MET,3.482250690460205,-6.772040367126465,-15.692422866821289,-10.75148868560791,-3.0896284580230713,13.311622619628906,17.675518035888672,-3.012636184692383
META,4.238609313964844,-7.224269866943359,-22.45130157470703,-12.496294975280762,1.1368842124938965,12.74609375,21.305185317993164,2.194727659225464
MGM,3.06339693069458,-8.519542694091797,-13.047004699707031,-5.948860168457031,-4.767795562744141,10.546537399291992,18.535602569580078,-0.44193482398986816
MHK,-11.562926292419434,-11.015857696533203,-10.272541046142578,-10.906363487243652,-7.401742935180664,10.19727611541748,13.700236320495605,12.973227500915527
MKC,7.326383590698242,0.6326650977134705,-17.24489402770996,-2.2854857444763184,1.7250516414642334,13.274545669555664,17.559276580810547,3.9193289279937744
MKTX,5.8568854331970215,2.1197009086608887,-17.778919219970703,-2.114187002182007,1.9217309951782227,12.400208473205566,20.649635314941406,10.432615280151367
MLM,4.662351608276367,-6.2110185623168945,-17.823802947998047,-10.283476829528809,-0.5445240139961243,11.314155578613281,18.812808990478516,-2.581268548965454
MMC,5.438437461853027,-3.8392739295959473,-17.582414627075195,-9.046422958374023,-0.4680827260017395,12.003381729125977,18.15748405456543,-2.8544986248016357
MMM,-5.95458459854126,-8.925518989562988,-17.770177841186523,-7.691607475280762,-5.739087104797363,18.088605880737305,18.99756622314453,14.339710235595703
MNST,5.821075439453125,-2.2875618934631348,-15.54387092590332,-6.842901229858398,-0.9260690808296204,9.414327621459961,18.698686599731445,-1.0534553527832031
MO,-4.424258232116699,-6.550743579864502,-13.90101146697998,-15.664917945861816,-6.586559295654297,16.94021224975586,17.07004737854004,-2.748980760574341
MOH,6.483680248260498,-2.358457565307617,-14.94089126586914,-7.076796054840088,-0.8498292565345764,10.526389122009277,17.24332046508789,-1.6220993995666504
MOS,-0.6485404968261719,-5.206045627593994,1.3474096059799194,-6.536016464233398,-13.255525588989258,11.335002899169922,8.14211654663086,-2.9938485622406006
MPC,1.941793441772461,-6.577988147735596,-18.406152725219727,-9.876976013183594,-1.9704244136810303,9.454607963562012,17.79669189453125,-7.242232799530029
MPWR,5.23726749420166,-4.660104751586914,-17.53195571899414,-11.205039024353027,-0.5230270028114319,11.723844528198242,18.594268798828125,-1.6189203262329102
MRK,5.06536340713501,-2.5983171463012695,-18.164894104003906,-5.943545818328857,1.2724599838256836,9.285835266113281,16.921371459960938,-5.244996070861816
MRNA,0.054458409547805786,-3.708643913269043,-3.06496000289917,-9.106135368347168,-7.0214457511901855,7.518893241882324,11.67680549621582,8.70096492767334
MS,4.520982265472412,-6.001386642456055,-15.862356185913086,-11.01293659210205,-3.1414852142333984,13.498302459716797,19.016904830932617,-0.48797130584716797
MSCI,6.938950061798096,-2.50919246673584,-15.686029434204102,-7.776479244232178,-0.3331449627876282,11.729949951171875,18.519039154052734,1.0346996784210205
MSFT,6.306537628173828,-3.852219581604004,-18.295299530029297,-9.513704299926758,0.38312333822250366,11.525896072387695,19.11878776550293,-0.9571573734283447
MSI,4.905998229980469,-4.651192665100098,-19.27391815185547,-9.853263854980469,0.8385197520256042,12.521171569824219,18.020370483398438,-3.055346965789795
MTB,0.0637984573841095,-10.985045433044434,-18.299339294433594,-7.288272857666016,-5.8509297370910645,17.862274169921875,16.605358123779297,0.533311128616333
MTCH,6.158038139343262,-2.755415439605713,-15.289868354797363,-2.9590330123901367,0.6020907759666443,12.509893417358398,18.843975067138672,13.064727783203125
MTD,6.154590129852295,-2.6929593086242676,-14.384869575500488,-7.011747360229492,-2.0350918769836426,12.683563232421875,18.34107780456543,1.3648104667663574
MU,5.123934745788574,-7.5375871658325195,-20.37767791748047,-9.907965660095215,-1.7906579971313477,13.050806045532227,21.887197494506836,2.2644965648651123
NCLH,-12.167221069335938,-16.956287384033203,-19.773517608642578,-3.854501724243164,0.4170679450035095,5.814579486846924,4.550167560577393,7.548303604125977
NDAQ,5.863681793212891,-3.3627729415893555,-16.41756248474121,-9.660869598388672,-1.2630701065063477,13.998617172241211,18.348459243774414,0.2675912380218506
NDSN,6.159799575805664,-3.229283332824707,-17.344274520874023,-7.441973686218262,-1.6447358131408691,12.813156127929688,19.943998336791992,0.6971955299377441
NEE,6.763040542602539,-0.5172300934791565,-15.74786376953125,-6.126649856567383,-0.44636398553848267,13.917627334594727,17.598798751831055,2.228306531906128
NEM,5.802968978881836,1.4864506721496582,-14.620054244995117,-8.350415229797363,-2.043741464614868,15.859586715698242,17.483325958251953,6.639810562133789
NFLX,5.652255535125732,-6.471701622009277,-24.009363174438477,-9.673382759094238,1.125406265258789,14.166900634765625,23.196441650390625,5.616117477416992
NI,3.4903979301452637,-4.038506984710693,-20.008630752563477,-7.3653645515441895,-0.1320536732673645,16.974788665771484,16.08433723449707,-2.9012365341186523
NKE,7.245449542999268,-1.54630446434021,-11.787531852722168,-2.8153796195983887,-0.6297326683998108,10.062735557556152,16.95200538635254,6.328471660614014
NOC,4.6132378578186035,-2.839813709259033,-17.363956451416016,-5.92041015625,-1.808591604232788,13.410310745239258,17.31937026977539,-3.1772677898406982
NOW,6.449214458465576,-4.255202770233154,-19.535377502441406,-10.532312393188477,0.9430906176567078,12.635419845581055,19.746366500854492,1.22855544090271
NRG,3.944145679473877,-7.756217002868652,-23.019821166992188,-11.308939933776855,0.978371798992157,14.172000885009766,18.691438674926758,-1.1218173503875732
NSC,6.6374969482421875,-3.9850645065307617,-17.172765731811523,-5.666000843048096,-1.0909533500671387,13.699586868286133,19.482288360595703,2.8501222133636475
NTAP,4.100918292999268,-9.389056205749512,-20.86763572692871,-10.070191383361816,-1.9436306953430176,14.191169738769531,20.508670806884766,0.0563824325799942
NTRS,3.0476841926574707,-9.504053115844727,-16.72220802307129,-6.428160667419434,-5.54217529296875,17.680404663085938,19.731401443481445,6.811986446380615
NUE,3.360398292541504,-4.969855308532715,-13.84031867980957,-8.568824768066406,-2.9141860008239746,9.286410331726074,16.566038131713867,-5.981232166290283
NVDA,2.0605177879333496,-6.424463272094727,-19.79589080810547,-14.228135108947754,0.7891575694084167,11.606575012207031,17.01404571533203,-2.9938595294952393
NVR,4.825942516326904,-5.628188133239746,-20.66985321044922,-10.050712585449219,0.15125316381454468,12.673254013061523,20.34191131591797,-1.1656122207641602
NWS,3.8087658882141113,-8.583779335021973,-16.613901138305664,-12.982636451721191,-2.313943386077881,11.43056869506836,19.508522033691406,0.27488160133361816
NWSA,4.078678607940674,-8.495349884033203,-15.813774108886719,-12.467693328857422,-2.5471036434173584,10.929662704467773,19.58376693725586,1.1154029369354248
NXPI,5.02109432220459,-6.203789710998535,-16.24544334411621,-11.420928001403809,-1.9542362689971924,11.228750228881836,19.5870418548584,-0.3729870319366455
O,6.335515022277832,-1.7988219261169434,-15.930984497070312,-3.283064365386963,1.5667319297790527,15.738615036010742,13.538031578063965,-0.27237558364868164
ODFL,5.929539680480957,-3.5530805587768555,-15.969417572021484,-8.675376892089844,-0.8060691952705383,10.211603164672852,18.36745834350586,-1.9335541725158691
OKE,2.677488327026367,-8.470254898071289,-20.003440856933594,-8.226802825927734,-0.8747058510780334,14.120194435119629,17.03865623474121,-4.422059059143066
OMC,1.3027162551879883,-6.521097183227539,-14.904403686523438,-8.470964431762695,0.13997381925582886,9.530755043029785,14.384809494018555,-6.3585944175720215
ON,4.317844390869141,-3.636364459991455,-13.453157424926758,-7.162197113037109,-2.5150346755981445,8.92135238647461,16.548044204711914,-4.5879130363464355
ORCL,3.871029853820801,-5.621448040008545,-18.659849166870117,-11.712976455688477,0.23204869031906128,11.700789451599121,18.016084671020508,-2.9255011081695557
ORLY,4.8742570877075195,-3.286348819732666,-16.80143165588379,-8.941293716430664,0.7947642207145691,9.98117733001709,16.57374382019043,-4.731834888458252
OTIS,-2.2076194286346436,-8.190550804138184,-9.992897987365723,-7.300852298736572,-0.6852536797523499,5.147008419036865,8.692644119262695,-2.9156527519226074
OXY,-10.32265853881836,-8.76223087310791,-13.071077346801758,-8.138653755187988,-6.607044219970703,6.876687049865723,10.112421035766602,-8.73082447052002
PANW,4.19364070892334,-5.379769802093506,-17.64067840576172,-11.269989013671875,0.13477128744125366,10.473870277404785,17.131206512451172,-4.009973526000977
PARA,-8.213415145874023,-11.984715461730957,-13.322104454040527,-3.3013739585876465,-1.063931941986084,7.166635990142822,7.625822067260742,13.787582397460938
PAYC,7.102744102478027,-0.05077747255563736,-13.254344940185547,-1.8764368295669556,-0.0500827431678772,11.539323806762695,16.794292449951172,6.542684555053711
PAYX,5.737950325012207,-3.8417816162109375,-16.489564895629883,-8.093430519104004,-0.9217785000801086,13.25570011138916,17.590347290039062,-1.8839280605316162
PCAR,4.070209503173828,-5.184857368469238,-19.626386642456055,-10.405539512634277,0.4307031035423279,9.913398742675781,18.98647689819336,-3.8051934242248535
PCG,-14.878984451293945,-13.375556945800781,-14.906726837158203,-10.966325759887695,-2.835047721862793,0.7549794912338257,4.460944175720215,5.132409572601318
PEG,5.146693706512451,-5.107648849487305,-20.67341423034668,-9.01408863067627,0.4020978808403015,15.386363983154297,18.60540008544922,-1.0742785930633545
PEP,6.115095138549805,-1.2604098320007324,-15.078812599182129,-5.810024261474609,-0.25634056329727173,11.196352005004883,16.498506546020508,-2.7488019466400146
PFE,4.0975422859191895,-0.6695790886878967,-7.063973903656006,-0.5521938800811768,-6.0071516036987305,13.298133850097656,12.743047714233398,3.397998332977295
PFG,2.3879761695861816,-6.811220645904541,-14.629552841186523,-9.116211891174316,-4.382511138916016,12.082841873168945,17.224637985229492,-4.542269229888916
PG,6.714851379394531,-1.6910061836242676,-17.106122970581055,-7.805260181427002,1.2133843898773193,12.065338134765625,17.44553565979004,-1.2011382579803467
PGR,4.299468994140625,-4.431577205657959,-20.100791931152344,-10.622426986694336,0.45360106229782104,12.59623908996582,18.42300033569336,-3.2403669357299805
PH,3.738433361053467,-6.3071699142456055,-19.741926193237305,-11.951449394226074,-0.4017968773841858,12.031972885131836,19.536819458007812,-2.5045106410980225
PHM,3.7129764556884766,-6.0673041343688965,-20.4081974029541,-11.492563247680664,1.0231006145477295,10.768172264099121,18.884187698364258,-2.750406503677368
PKG,3.675424575805664,-6.810290336608887,-20.25775909423828,-11.699187278747559,-2.337902545928955,14.617124557495117,20.611980438232422,-0.8846652507781982
PLD,6.854135036468506,-2.345703125,-15.098760604858398,-6.571690559387207,-1.0482869148254395,12.909671783447266,17.722152709960938,0.9053277969360352
PLTR,-1.15089750289917,-7.069224834442139,-17.44866943359375,-10.663154602050781,2.8722352981567383,9.112922668457031,11.685077667236328,4.503178119659424
PM,1.4101171493530273,-5.387868881225586,-16.06047248840332,-13.684630393981934,-3.559905767440796,15.597257614135742,16.821870803833008,-3.298013925552368
PNC,4.070878982543945,-8.576695442199707,-17.306304931640625,-9.18723201751709,-4.07295036315918,16.73452377319336,19.95335578918457,3.1421892642974854
PNR,3.43986177444458,-8.036200523376465,-18.32322120666504,-13.636548042297363,-1.419529676437378,12.342573165893555,19.92996597290039,0.5140864849090576
PNW,2.895444869995117,-4.151910781860352,-23.044523239135742,-3.111018180847168,1.9744081497192383,15.249490737915039,18.023740768432617,-0.43999147415161133
PODD,6.8418073654174805,0.5689267516136169,-13.713861465454102,-4.1599531173706055,-0.23806172609329224,11.677783966064453,17.097904205322266,3.102611541748047
POOL,6.999293327331543,-2.4545493125915527,-13.97066879272461,-7.114170074462891,-1.2634484767913818,11.90994930267334,18.290576934814453,3.14591383934021
PPG,5.913692474365234,-5.190572261810303,-12.923133850097656,-5.598471641540527,-1.3424251079559326,8.976568222045898,18.643896102905273,3.5989954471588135
PPL,-0.14154574275016785,-3.6209468841552734,-16.234010696411133,-11.922348022460938,-0.10018783807754517,18.342771530151367,11.918411254882812,-2.919630289077759
PRU,1.5286569595336914,-10.560893058776855,-17.152700424194336,-10.87939167022705,-5.022270202636719,14.8500394821167,18.668376922607422,-2.0657846927642822
PSA,4.768161773681641,-3.4713797569274902,-12.851713180541992,-10.683939933776855,-1.7968883514404297,14.169403076171875,14.611778259277344,-2.90657901763916
PSX,1.2662849426269531,-8.4795503616333,-20.78839683532715,-7.638516426086426,-0.9317484498023987,9.687347412109375,18.180099487304688,-6.507194995880127
PTC,5.115647792816162,-6.409681797027588,-20.106962203979492,-8.380682945251465,-1.1665754318237305,11.948891639709473,21.309249877929688,-0.13013766705989838
PWR,3.2666683197021484,-5.034148216247559,-17.346426010131836,-11.995668411254883,-0.6199811100959778,11.000114440917969,17.24768829345703,-4.566732406616211
PYPL,4.732888221740723,-3.379578113555908,-14.646689414978027,-5.142615795135498,0.4252714514732361,10.98897933959961,18.313886642456055,14.661182403564453
QCOM,6.115909576416016,-3.8154220581054688,-16.0091609954834,-10.900347709655762,-0.7302899956703186,12.257970809936523,18.53182029724121,1.1792371273040771
RCL,-2.78164005279541,-14.642420768737793,-24.03348159790039,-8.99593448638916,0.343808114528656,12.45853042602539,16.326335906982422,0.21503140032291412
REG,0.9502100944519043,-7.649355411529541,-11.816825866699219,-11.884881019592285,-1.4263780117034912,14.718789100646973,9.20004940032959,-5.728691101074219
REGN,3.884176254272461,-2.315114974975586,-14.298952102661133,-12.66028118133545,-0.559794008731842,8.122583389282227,15.136119842529297,-4.693417072296143
RF,3.3345561027526855,-7.916409969329834,-16.590131759643555,-8.382283210754395,-5.000604152679443,15.522110939025879,19.596206665039062,0.29874253273010254
RJF,3.900249481201172,-6.3028411865234375,-16.5169677734375,-10.193316459655762,-2.983447313308716,13.263189315795898,18.328845977783203,-2.7305190563201904
RL,1.361081600189209,-11.180476188659668,-18.34608268737793,-11.302411079406738,0.7960657477378845,8.622550964355469,15.956453323364258,-2.765698194503784
RMD,6.708115577697754,-1.3854384422302246,-14.791071891784668,-7.029241561889648,-0.7955496907234192,13.44314193725586,17.423240661621094,2.7976362705230713
ROK,5.992737293243408,-4.0206732749938965,-16.146272659301758,-7.185993194580078,-2.262902021408081,11.694952011108398,20.327850341796875,1.799806833267212
ROL,5.7479705810546875,-3.3569374084472656,-19.956762313842773,-8.085976600646973,-0.6088922619819641,12.864965438842773,20.65721893310547,0.28066444396972656
ROP,6.889654159545898,-4.064011573791504,-20.232446670532227,-6.734104156494141,0.6108765006065369,12.57796859741211,20.473670959472656,0.8117825984954834
ROST,6.060593128204346,-6.275876045227051,-23.15180015563965,-5.655738830566406,2.418184280395508,12.375076293945312,21.355905532836914,0.817460298538208
RSG,5.119010925292969,-4.439232349395752,-18.675233840942383,-9.595586776733398,-0.03247123956680298,12.577844619750977,18.127552032470703,-3.0817902088165283
RTX,2.685598373413086,-6.973742961883545,-17.616559982299805,-8.159873008728027,-1.8518729209899902,14.576286315917969,16.469358444213867,-3.6699538230895996
RVTY,6.284548759460449,-2.2329883575439453,-11.990310668945312,-5.376715660095215,-2.758924722671509,13.320469856262207,16.791446685791016,5.150516033172607
SBAC,7.755046844482422,-0.6176801323890686,-15.59085464477539,-3.7413129806518555,-0.38174301385879517,14.5311279296875,17.237287521362305,5.9030609130859375
SBUX,7.268141746520996,-1.7995109558105469,-14.64543342590332,-3.5437541007995605,1.8448028564453125,9.71743106842041,17.20439910888672,1.998537302017212
SCHW,3.8823180198669434,-7.374573230743408,-13.597559928894043,-8.442761421203613,-5.611357688903809,14.178106307983398,18.42069435119629,0.948493480682373
SHW,6.3538923263549805,-4.3831963539123535,-18.47492790222168,-9.713583946228027,0.013290822505950928,13.199677467346191,19.747814178466797,1.2310354709625244
SJM,3.6589515209198,2.056069850921631,-4.94782829284668,-5.418609619140625,-3.414539337158203,7.221354007720947,11.185627937316895,-4.214890480041504
SLB,-13.60305118560791,-13.726534843444824,-12.3345365524292,-12.1253080368042,-5.244873046875,-0.13874897360801697,6.117026329040527,-4.5946173667907715
SMCI,1.3816351890563965,-6.834598541259766,-19.284561157226562,-11.265570640563965,0.6850189566612244,6.791648864746094,16.757694244384766,-5.243420124053955
SNA,3.380613327026367,-5.720750331878662,-15.759239196777344,-10.483551979064941,-1.1148033142089844,10.144752502441406,17.27028465270996,-4.19940185546875
SNPS,5.587923049926758,-3.962158679962158,-17.4737548828125,-9.421382904052734,0.07394665479660034,9.992242813110352,18.403711318969727,-2.8263039588928223
SO,5.237954139709473,-2.28532075881958,-17.477270126342773,-9.402499198913574,0.6440584063529968,13.608444213867188,16.517223358154297,-3.1263821125030518
SOLV,-1.3689255714416504,-2.3489060401916504,-7.11413049697876,-3.1947021484375,0.18299013376235962,4.148360729217529,4.773562431335449,1.9729573726654053
SPG,-5.666267395019531,-13.546284675598145,-12.736583709716797,-12.129371643066406,-1.1394174098968506,8.33025074005127,6.9848246574401855,-4.566647529602051
SPGI,6.838735103607178,-3.4653029441833496,-18.841205596923828,-8.675525665283203,0.07593053579330444,13.493703842163086,19.877531051635742,1.7528212070465088
SRE,5.248201370239258,-2.4841442108154297,-17.907516479492188,-6.891242504119873,0.26004642248153687,14.386299133300781,16.05489158630371,-3.2657718658447266
STE,7.367635726928711,-2.8490843772888184,-17.31434440612793,-6.498023986816406,0.372661292552948,12.39995002746582,18.58466148376465,0.9168961048126221
STLD,2.814683437347412,-5.47580623626709,-16.50640296936035,-9.87412166595459,-2.4985134601593018,10.494802474975586,17.743907928466797,-5.733745098114014
STT,-1.7278966903686523,-11.160999298095703,-14.933525085449219,-13.125978469848633,-9.755467414855957,15.45783805847168,21.362314224243164,4.138965129852295
STX,5.592394828796387,-7.721396446228027,-17.60284996032715,-11.467378616333008,-1.749415636062622,13.623424530029297,19.362356185913086,1.2902534008026123
STZ,3.891988754272461,-5.950606822967529,-18.33679962158203,-6.009934902191162,-4.127349853515625,13.627690315246582,20.729459762573242,-0.14763472974300385
SW,-1.24421226978302,-2.5134999752044678,-7.006199836730957,-2.7101993560791016,0.15464073419570923,3.3510959148406982,4.788654804229736,1.811424970626831
SWK,0.9300556182861328,-7.385637283325195,-16.612422943115234,-3.709179639816284,-2.4091920852661133,13.663702011108398,19.9810848236084,17.618499755859375
SWKS,4.771571159362793,-3.9931039810180664,-13.358833312988281,-9.069300651550293,-4.460020065307617,10.468086242675781,21.832134246826172,13.875459671020508
SYF,2.3865013122558594,-10.975748062133789,-16.659372329711914,-12.84476375579834,-1.9652214050292969,13.964763641357422,17.824193954467773,1.5553290843963623
SYK,5.764899253845215,-5.1177778244018555,-20.522558212280273,-7.617025375366211,0.769864022731781,12.367143630981445,20.32168197631836,-0.698857307434082
SYY,5.3685383796691895,-4.37583589553833,-17.385751724243164,-2.955181837081909,-1.1244785785675049,13.985189437866211,18.299116134643555,0.4637260437011719
T,-0.9074563980102539,-2.5130605697631836,-22.263813018798828,-9.874302864074707,2.157233476638794,20.51556968688965,16.0960693359375,1.3026113510131836
TAP,-14.018533706665039,-12.74952507019043,-13.483664512634277,-8.60292911529541,-1.0115938186645508,-4.218071460723877,4.196577072143555,-0.05374549329280853
TDG,4.719557762145996,-5.2368669509887695,-20.624923706054688,-9.99456787109375,1.7168214321136475,11.42802619934082,18.766578674316406,-2.8387339115142822
TDY,7.2726149559021,-2.6416215896606445,-17.848472595214844,-4.963302135467529,0.40604323148727417,13.003748893737793,18.924427032470703,1.8188095092773438
TECH,7.044183731079102,-2.6743993759155273,-12.579020500183105,-6.033755302429199,-1.6660850048065186,12.29401683807373,17.292821884155273,4.760629177093506
TEL,5.417606353759766,-6.248197078704834,-16.955360412597656,-8.968677520751953,-2.705387830734253,12.985214233398438,20.600065231323242,1.2492053508758545
TER,6.62355375289917,-3.4210152626037598,-16.14824676513672,-8.8717679977417,-1.0868849754333496,12.68643569946289,19.76742935180664,3.361614465713501
TFC,3.021678924560547,-10.484818458557129,-15.909170150756836,-5.397420883178711,-4.820694923400879,17.741413116455078,17.997516632080078,8.24743366241455
TGT,7.088106155395508,-2.2042832374572754,-11.195330619812012,-7.463602066040039,-1.0812842845916748,11.16551399230957,16.506837844848633,4.614449501037598
TJX,4.926158905029297,-4.722256660461426,-19.994810104370117,-9.286846160888672,1.5338695049285889,11.471824645996094,18.699474334716797,-2.875185966491699
TKO,4.014876842498779,-5.792769908905029,-21.271188735961914,-4.2179765701293945,1.3435399532318115,11.635210990905762,17.105308532714844,-3.507585287094116
TMO,6.797003746032715,-1.7099905014038086,-15.010430335998535,-7.334568500518799,-0.9198058247566223,12.194799423217773,17.942468643188477,0.7703416347503662
TMUS,5.23043155670166,-3.1039137840270996,-19.151796340942383,-10.48742961883545,-0.360901415348053,13.815496444702148,19.425352096557617,-0.6633248329162598
TPL,3.1353020668029785,-4.699188232421875,-17.279481887817383,-10.497673988342285,-1.6204323768615723,13.929189682006836,16.909595489501953,-3.0256810188293457
TPR,-3.494630813598633,-10.878501892089844,-13.233121871948242,-11.701909065246582,-6.929892063140869,11.974809646606445,18.34702491760254,-0.01608012616634369
TRGP,0.10926583409309387,-7.841977596282959,-17.336326599121094,-14.318243980407715,-1.683807611465454,11.599817276000977,15.140542984008789,-6.065992832183838
TRMB,5.580925464630127,-5.053723335266113,-13.918291091918945,-8.026361465454102,-3.40310001373291,14.180484771728516,19.201961517333984,6.2678914070129395
TROW,6.498965740203857,-5.313170433044434,-15.505674362182617,-6.167797088623047,-1.9581398963928223,13.196159362792969,20.08563804626465,8.55910873413086
TRV,3.5106887817382812,-6.204336166381836,-18.384374618530273,-9.7304048538208,-1.0021870136260986,13.042034149169922,17.986783981323242,-3.841552495956421
TSCO,5.548444747924805,-2.928544044494629,-14.316179275512695,-10.100935935974121,-0.2619062066078186,10.509437561035156,16.25741195678711,-2.640995979309082
TSLA,5.5989460945129395,-2.647322177886963,-11.72088623046875,-10.9627046585083,-2.8937418460845947,12.361272811889648,16.395076751708984,1.5784194469451904
TSN,2.822892189025879,-4.407783508300781,-14.58724308013916,-4.44247579574585,-2.5824904441833496,20.009431838989258,12.541455268859863,5.070916652679443
TT,4.242053031921387,-5.704867839813232,-19.661710739135742,-12.280004501342773,0.4190754294395447,12.471809387207031,19.069246292114258,-1.8790123462677002
TTWO,5.952037811279297,-4.694070339202881,-22.0576114654541,-5.850171089172363,-1.4074029922485352,15.104560852050781,23.557485580444336,7.559558391571045
TXN,6.1447434425354,-3.8041486740112305,-17.852558135986328,-7.7487077713012695,-1.257096529006958,13.627215385437012,20.089616775512695,1.3819148540496826
TXT,1.7436490058898926,-10.555134773254395,-16.595645904541016,-9.674537658691406,-5.381789207458496,11.725078582763672,19.56269073486328,-2.9061872959136963
TYL,6.526747703552246,-3.5163278579711914,-18.490652084350586,-10.611680030822754,0.15828818082809448,13.8853178024292,19.8079776763916,3.1505720615386963
UAL,-8.23233413696289,-15.681710243225098,-23.29747772216797,-0.6167731285095215,-0.017537176609039307,12.717854499816895,7.671146392822266,3.542661428451538
UBER,-0.9718146324157715,-9.715907096862793,-17.71002960205078,-11.167218208312988,1.6995148658752441,5.9638352394104,14.625757217407227,2.5700180530548096
UDR,6.905480861663818,-6.1855621337890625,-16.3291072845459,-6.2168169021606445,-0.43522483110427856,17.76401710510254,14.410348892211914,2.6832218170166016
UHS,1.714024543762207,-9.16023063659668,-19.23221778869629,-10.512937545776367,3.0090436935424805,10.615175247192383,15.337021827697754,-2.2542881965637207
ULTA,4.2913818359375,-3.1537561416625977,-11.984320640563965,-2.8918769359588623,-1.3062374591827393,8.939652442932129,14.229394912719727,-4.626330375671387
UNH,5.466449737548828,-2.95123291015625,-16.36771583557129,-8.02609634399414,-2.0142056941986084,13.059460639953613,17.999013900756836,-1.9326188564300537
UNP,6.818180561065674,-4.255302429199219,-18.427978515625,-6.748880386352539,-0.5697692036628723,13.194080352783203,19.646804809570312,1.0531656742095947
UPS,5.621644496917725,-1.9068806171417236,-9.63392448425293,-6.170209884643555,-3.744295597076416,10.660637855529785,16.326038360595703,2.0171828269958496
URI,3.4190921783447266,-6.693414211273193,-18.803651809692383,-12.398500442504883,-1.0470237731933594,11.707426071166992,19.18705177307129,-2.7752251625061035
USB,1.9496479034423828,-13.254231452941895,-16.940614700317383,-6.5093231201171875,-4.652246952056885,18.152942657470703,17.04224395751953,6.576663970947266
V,6.7970075607299805,-3.6629629135131836,-20.678970336914062,-6.6597208976745605,1.2870328426361084,12.676446914672852,20.252893447875977,0.5987870693206787
VICI,0.8303196430206299,-1.6056954860687256,-5.45858907699585,-11.862275123596191,-1.9594817161560059,6.988093852996826,8.48027229309082,-4.443757057189941
VLO,1.9690027236938477,-6.35298490524292,-18.490381240844727,-7.541504383087158,-2.7252519130706787,10.661401748657227,17.749813079833984,-7.006894588470459
VLTO,-2.109221935272217,-2.496891498565674,-8.254008293151855,-5.786082744598389,-0.1143144965171814,6.4798502922058105,5.7067413330078125,1.8233840465545654
VMC,4.463433265686035,-6.008579254150391,-18.20320701599121,-10.111806869506836,-0.2733691334724426,11.543041229248047,18.94803810119629,-2.5397610664367676
VRSK,6.93289852142334,-3.2382874488830566,-19.880901336669922,-8.091594696044922,1.6635596752166748,12.11552906036377,19.209369659423828,-0.11788295209407806
VRSN,8.071720123291016,-1.9056940078735352,-19.494604110717773,-0.7128864526748657,2.2062511444091797,12.531147003173828,19.039180755615234,4.179919242858887
VRTX,4.746154308319092,-3.039811134338379,-21.212081909179688,-9.005809783935547,0.8862316012382507,11.16415023803711,18.57638931274414,-3.6559102535247803
VST,-0.6570601463317871,-6.209721088409424,-17.25984764099121,-14.669522285461426,2.182896614074707,9.935331344604492,11.850296020507812,-3.181886911392212
VTR,0.4551067650318146,-12.497434616088867,-15.08053207397461,-11.451702117919922,-0.6426611542701721,16.423702239990234,5.5018229484558105,-0.008956655859947205
VTRS,-12.958603858947754,-13.731624603271484,-18.145496368408203,-11.213346481323242,3.844329595565796,0.751071572303772,2.717470407485962,9.611146926879883
VZ,6.3579277992248535,-3.8693246841430664,-26.459644317626953,-3.3441615104675293,5.519866466522217,18.48724365234375,21.310794830322266,10.725679397583008
WAB,-0.5232319831848145,-8.949862480163574,-17.989788055419922,-14.809178352355957,-2.1664810180664062,11.019790649414062,16.597064971923828,-5.005273342132568
WAT,5.483849048614502,-5.157258033752441,-15.565384864807129,-7.4703688621521,-2.407919406890869,13.98949909210205,18.532270431518555,1.420400619506836
WBA,-10.418498039245605,-11.159658432006836,-12.079927444458008,-2.5606045722961426,0.17120832204818726,3.2508645057678223,3.2991385459899902,13.471431732177734
WBD,-2.2364883422851562,-8.894291877746582,-18.795602798461914,-0.8631056547164917,4.6249494552612305,8.364679336547852,12.961397171020508,16.941181182861328
WDAY,7.778515815734863,-6.012620449066162,-21.42888832092285,-5.313880443572998,1.8043060302734375,12.120829582214355,21.47964859008789,4.515275478363037
WDC,-8.917353630065918,-12.734658241271973,-11.051742553710938,-16.84882354736328,-9.942728996276855,12.737421035766602,17.139190673828125,10.284856796264648
WEC,7.024539470672607,0.21477028727531433,-17.774024963378906,-4.546313285827637,1.386805772781372,14.529077529907227,16.856962203979492,1.1953096389770508
WELL,4.357880115509033,-7.696444511413574,-19.772512435913086,-11.00938892364502,1.9959349632263184,14.954834938049316,14.32711410522461,-3.5675575733184814
WFC,-3.003993034362793,-14.091655731201172,-16.2726993560791,-11.033086776733398,-3.5176315307617188,11.955130577087402,14.008644104003906,-2.7529451847076416
WM,5.670682430267334,-4.088296413421631,-18.54842185974121,-8.230234146118164,0.05950993299484253,12.79090404510498,18.3784122467041,-2.3298327922821045
WMB,0.4752645790576935,-7.856340408325195,-16.062335968017578,-14.37732219696045,-2.803126811981201,10.775727272033691,14.93982982635498,-5.5875349044799805
WMT,5.242306709289551,-3.832345962524414,-20.716054916381836,-10.553322792053223,1.108224630355835,13.453216552734375,19.262672424316406,-0.6358315944671631
WRB,4.888123512268066,-3.9553399085998535,-17.956727981567383,-8.529831886291504,-0.06443959474563599,12.610973358154297,17.130386352539062,-3.9317963123321533
WSM,4.1095499992370605,-6.555646896362305,-17.765384674072266,-13.85533618927002,-0.04287844896316528,11.624980926513672,17.956789016723633,-1.1411402225494385
WST,7.062470436096191,-2.1901955604553223,-13.917871475219727,-7.614349365234375,-0.9560859799385071,10.508214950561523,18.2348575592041,2.0420339107513428
WTW,5.989490985870361,-3.9339346885681152,-19.483877182006836,-7.926506042480469,0.5619136691093445,13.222347259521484,19.47963523864746,0.10441090166568756
WY,1.8164610862731934,-7.910243034362793,-10.473114013671875,-10.80650806427002,-8.426447868347168,12.891877174377441,18.3090763092041,1.1071953773498535
WYNN,-5.602036952972412,-12.77548599243164,-22.190719604492188,1.4771746397018433,-5.170055389404297,8.718114852905273,19.997346878051758,8.878344535827637
XEL,6.802922248840332,0.4497809112071991,-16.952014923095703,-4.0890116691589355,0.542658269405365,14.460915565490723,17.046300888061523,1.8715720176696777
XOM,-0.1689262092113495,-5.123884201049805,-14.68727970123291,-9.879256248474121,-2.465878486633301,9.07223892211914,14.03400993347168,-9.755854606628418
XYL,5.7183427810668945,-5.7179741859436035,-19.15611457824707,-7.34668493270874,-0.7074354290962219,12.731322288513184,20.959606170654297,1.372783899307251
YUM,6.308248043060303,-4.3760528564453125,-18.173263549804688,-4.646313667297363,0.2985000014305115,11.81266975402832,18.727394104003906,-0.9982531070709229
ZBH,4.813650131225586,-1.9415884017944336,-15.729307174682617,0.5785969495773315,0.9990147948265076,7.771758556365967,19.96898651123047,9.538564682006836
ZBRA,6.903221607208252,-4.63925313949585,-14.333160400390625,-7.407208442687988,-1.229567050933838,13.3643798828125,18.476848602294922,7.069489002227783
ZTS,7.602558612823486,-2.601923942565918,-17.04271697998047,-6.176257610321045,0.11277645826339722,12.526534080505371,19.059263229370117,2.593670606613159
